{
  "music_disc.amogus_drip": {
    "sounds": [
      "hemerald_discs:music_disc/amogus_drip"
    ]
  },
  "music_disc.angry_birds_drip": {
    "sounds": [
      "hemerald_discs:music_disc/angry_birds_drip"
    ]
  },
  "music_disc.clown_theme": {
    "sounds": [
      "hemerald_discs:music_disc/clown_theme"
    ]
  },
  "music_disc.coconut": {
    "sounds": [
      "hemerald_discs:music_disc/coconut"
    ]
  },
  "music_disc.french_theme": {
    "sounds": [
      "hemerald_discs:music_disc/french_theme"
    ]
  },
  "music_disc.italian_theme": {
    "sounds": [
      "hemerald_discs:music_disc/italian_theme"
    ]
  },
  "music_disc.mexico_theme": {
    "sounds": [
      "hemerald_discs:music_disc/mexico_theme"
    ]
  },
  "music_disc.nya_arigato": {
    "sounds": [
      "hemerald_discs:music_disc/nya_arigato"
    ]
  },
  "music_disc.pirates_of_caribbean": {
    "sounds": [
      "hemerald_discs:music_disc/pirates_of_caribbean"
    ]
  },
  "music_disc.super_idol": {
    "sounds": [
      "hemerald_discs:music_disc/super_idol"
    ]
  },
  "music_disc.xue_hua_piao_piao": {
    "sounds": [
      "hemerald_discs:music_disc/xue_hua_piao_piao"
    ]
  },
  "music_disc.you_know_what": {
    "sounds": [
      "hemerald_discs:music_disc/you_know_what"
    ]
  }
}